transaction_id,month,year,customers,units_sold,revenue,expenses,discount_rate
1,Nov,2021,479,1084,69480.83,29413.23,0.055
2,1,2022,403,369,31252.66,19768.06,0.248
3,4,2023,363,422,13555.55,6682.8,0.184
4,1,2022,485,806,32582.26,20773.5,0.049
5,8,2021,311,532,41739.95,18526.14,1.25
6,12,2023,250,496,10702.03,6801.63,0.06
7,10,2021,347,752,39022.59,15896.16,0.173
8,4,2021,384,333,29309.88,13823.32,0.232
9,7,2023,445,842,27140.85,21867.51,0.271
10,1,2021,184,492,42755.64,26979.36,0.323
11,9,2021,406,640,24892.08,18407.86,0.125
12,4,2023,383,521,31149.34,12965.43,0.281
13,Nov,2025,338,274,22136.61,15102.1,0.255
14,2,2024,493,1154,27351.46,14181.15,0.041
15,1,2023,459,670,"15338,98",7610.61,0.114
16,5,2022,537,1.2k,81382.51,62419.57,0.165
17,1,FY2021,463,1074,65748.5,46836.24,0.173
18,12,2022,342,631,32130.94,11629.7,1.25
19,5,2022,430,614,35096.21,27254.18,0.087
20,8,2025,-384,622,47382.37,21679.1,0.027
21,8,2025,322,856,68672.83,44479.38,0.305
22,5,2023,359,864,27964.13,21518.47,18.9%
23,6,2023,335,420,21372.67,15697.52,30.1%
24,July,2025,380,309,17714.21,9675.2,0.078
25,11,21,378,1015,43529.93,25849.45,0.246
26,Feb,2025,323,493,45763.82,36718.61,0.088
27,6,2021,189,258,5376.8,3422.31,0.176
28,2,2023,416,375,14795.92,11494.73,0.084
29,November,2024,415,1150,42133.99,28057.18,0.267
30,12,2022,279,355,26295.79,13748.97,0.221
31,5,2024,490,480,39512.78,19786.68,0.065
32,8,2023,682,601,"38162,75",25510.09,0.006
33,8,2021,233,487,15304.57,10326.62,0.135
34,9,2025,428,1144,32705.94,16689.88,0.04
35,11,2024,517,1258,76424.08,45773.12,8.5%
36,9,2024,272,268,23338.94,18045.59,0.222
37,8,2021,271,610,53117.27,40737.26,1.25
38,12,2023,261,543,13291.98,5661.92,0.314
39,11,2022,455,368,11180.66,6796.78,0.242
40,7,2023,334,702,24758.65,16952.85,0.083
41,4,2025,559,1173,97816.71,64468.85,0.199
42,7,2023,321,316,"$14,635.26",6946.55,0.085
43,5,2022,410,1059,70526.94,51030.57,0.176
44,6,2025,460,898,50219.63,22185.23,0.253
45,2,2024,291,780,71332.95,55638.72,0.13
46,2,2021,477,396,35434.29,19533.03,0.338
47,6,2025,318,795,33710.38,14484.06,0.195
48,Mar,2025,238,636,45533.97,28136.75,0.034
49,6,2025,426,1088,81642.63,55320.83,0.246
50,10,2025,282,428,17379.61,12694.06,0.284
51,3,2024,481,1152,78390.4,53299.55,0.279
52,11,2024,882,2275,"$100,158.30",52735.75,0.033
53,Jun,2023,361,624,37304.99,18080.77,0.207
54,10,2021,429,369,7703.17,(5674.33),0.126
55,May,2023,427,999,34583.6,22228.9,0.03
56,Feb,2024,290,261,15376.63,9289.0,0.223
57,9,2022,176,420,16318.72,9078.37,0.027
58,11,2023,442,376,34638.6,25733.39,0.244
59,10,2022,275,306,11404.22,6935.32,0.25
60,11,2023,379,803,31762.59,25371.53,0.258
61,11,2025,674,1104,40931.12,21173.96,0.265
62,3,2022,543,450,12121.92,4504.76,0.014
63,5,2024,473,826,21090.45,12254.81,0.166
64,6,2021,512,586,30124.25,16185.68,0.216
65,3,2025,367,568,37596.61,220494.4,0.3
66,11,2021,435,921,28132.82,10779.58,0.225
67,6,2022,428,1147,71471.3,38054.17,0.225
68,1,2023,373,640,38408.0,30437.9,0.135
69,8,2025,453,426,18131.04,13545.54,0.008
70,4,2023,345,837,33231.26,13476.52,0.244
71,10,2023,527,1196,95522.17,46094.82,0.062
72,4,2021,456,1049,84052.46,68547.93,0.144
73,9,2023,573,848,76038.73,57291.68,0.15
74,11,2023,349,803,61108.14,24349.65,0.316
75,9,2023,576,829,72085.93,38416.38,0.004
76,2,2023,422,1101,27557.01,13780.64,0.333
77,Oct,2023,431,889,46699.44,22780.41,0.115
78,8,2025,491,1053,79957.28,57732.53,0.276
79,10,2023,418,382,23039.84,12845.16,0.311
80,10,2025,312,468,12642.63,5274.58,0.267
81,12,2022,321,310,22312.13,8572.29,0.288
82,12,2022,449,993,24094.01,9393.62,0.345
83,9,2023,246,596,-54199.13,44086.68,0.264
84,4,2023,251,389,9503.1,6797.18,0.195
85,10,2025,522,533,29811.83,10593.22,0.164
86,7,2024,400,365,"9909,38",4015.65,0.227
87,9,2023,482,1313,61533.79,29799.87,0.304
88,6,2021,603,752,69310.44,24654.6,0.339
89,January,2024,446,422,25592.94,20616.96,0.183
90,8,2024,421,86600,"$61,981.91",34935.13,0.22
91,6,2022,524,466,"$18,469.52",14714.54,0.312
92,4,2021,442,756,49707.16,23877.79,0.066
93,6,2024,165,324,7771.32,6278.96,0.345
94,2,2025,356,781,46297.23,22939.26,0.285
95,10,2022,312,818,66532.33,52986.74,0.254
96,10,2025,479,970,48698.57,38393.09,0.303
97,Jan,2025,561,1556,"$46,029.75",28963.83,0.133
98,Aug,21,363,994,82346.1,61266.69,0.164
99,6,2023,228,208,17593.39,12879.48,0.35
100,2,2025,348,972,"59066,73",42021.49,0.331
101,10,2022,365,620,17326.07,13833.2,0.212
102,8,2024,494,621,43296.71,27732.42,0.125
103,2,2022,459,844,65383.43,38868.94,0.298
104,3,2021,330,628,38428.72,29283.73,0.141
105,5,2023,497,1097,37734.87,15625.81,0.005
106,12,2022,584,876,55559.13,29688.28,0.153
107,6,2025,387,707,55387.29,29708.36,0.218
108,8,2025,506,1277,116351.41,48765.73,0.324
109,6,2021,215,369,34487.67,20055.63,0.115
110,2,2025,413,853,31127.0,12004.31,0.045
111,2,2022,463,538,24003.61,18518.56,16.6
112,3,2022,307,655,20480.95,9019.32,0.014
113,9,2023,356,410,10180.34,4140.33,0.161
114,10,2024,324,392,18051.12,10588.9,0.242
115,3,2022,336,855,76015.63,28787.62,9.7
116,12,2021,445,1073,81135.96,35434.09,0.073
117,February,2022,386,786,36475.39,20695.82,0.262
118,November,2021,143,124,4642.27,3181.23,0.313
119,3,2024.0,789,800,41960.6,25190.21,0.085
120,7,2023,554,741,34864.7,12531.54,0.113
121,11,2025,342,355,30732.56,"19,330.43",0.238
122,7,2025,290,689,38845.85,15183.0,0.188
123,4,2021,602,1001,27851.51,13462.71,0.127
124,2,2021,484,1012,62693.33,324353.6,0.345
125,6,2024,252,252,7502.08,3492.97,0.056
126,05,2023,487,571,22812.78,(9843.39),0.314
127,December,2021,425,688,64426.49,25941.86,0.139
128,2,2025,320,876,74148.19,54426.54,0.09
129,8,2023,480,1276,77671.07,48051.83,0.098
130,1,2024,302,706,22876.07,11486.74,0.149
131,3,2021,224,230,14954.08,7262.54,0.203
132,9,2024,425,471,25927.51,15564.73,0.018
133,5,2021,316,292,27514.27,13798.58,0.283
134,December,2023,373,488,34392.15,24325.81,20.8%
135,10,2022,123,184,16481.57,12202.81,0.338
136,11,2024,324,339,25179.83,19917.75,6.3%
137,10,2023,430,838,69403.84,28850.69,0.278
138,1,2021,401,482,14749.93,6301.24,0.285
139,12,2021,454,689,58940.12,31500.5,0.286
140,10,2025,669,1122,52761.74,29940.15,0.105
141,6,2022,422,533,46513.44,24672.07,0.19
142,8,2023,621,1622,107159.58,43393.42,0.329
143,5,2023,242,261,20655.52,13249.16,0.187
144,5,2025,557,1441,113438.38,47790.14,0.109
145,8,2021,519,450,27846.68,19725.35,0.307
146,Sep,2025,317,470,38181.3,15348.76,0.296
147,10,2025,387,926,27357.41,"12,522.80",0.253
148,March,2022,302,676,45541.02,30792.82,0.19
149,6,2025,327,380,33421.26,20861.35,0.14
150,11,FY2024,270,465,42287.48,17848.49,0.205
151,3,2023,713,596,50751.51,39997.04,0.198
152,2,2024,435,954,84936.96,57961.16,1.25
153,5,2022,645,1063,79412.7,62668.73,0.324
154,12,2023,581,988,26398.7,21458.85,0.294
155,3,2022,426,844,"41122,39",15451.24,0.117
156,12,2021,551,1325,24322.58,12325.34,0.139
157,April,2024,518,773,34565.0,24078.86,0.158
158,5,2023,428,534,28215.41,11743.33,0.062
159,7,2022,96,252,"$11,567.89",7205.37,0.221
160,Jul,2024,413,341,23560.5,10217.64,0.336
161,7,2022,387,375,35534.74,20824.48,0.208
162,8,2024,287,268,20300.18,9107.79,0.314
163,10,24,351,306,16630.84,10235.87,0.023
164,2,2024,354,832,-44015.5,26253.64,0.154
165,3,2025,569,631,20197.34,15249.78,0.331
166,6,2025,171,264,10255.7,6693.69,0.143
167,July,2021,532,454,15931.7,"7,306.36",0.235
168,12,2025,572,480,12487.85,9065.69,0.062
169,12,2023,273,272,9989.0,6887.07,0.299
170,Jun,2025,505,1242,60340.25,40065.93,0.072
171,6,2023,491,405,9956.58,4457.63,0.009
172,9,2023,382,444,27925.02,15304.85,0.312
173,7,2021,357,470,22201.07,13929.81,0.094
174,12,2021,545,1116,55269.56,33684.71,0.153
175,November,2023,445,1035,29796.32,22590.97,0.171
176,2,2022,408,1056,84045.83,46212.63,0.008
177,11,2023,456,942,35661.63,14817.31,0.292
178,5,2022,214,592,"$34,619.06",14910.06,0.095
179,10,FY2023,443,597,36221.01,23767.05,0.29
180,1,2022,302,366,6897.88,2858.04,0.315
181,10,2021,450,900,62287.04,26934.44,0.32
182,12,21,537,879,"$41,753.97",24797.32,0.016
183,10,2021,482,465,29965.86,13943.54,0.136
184,Mar,2021,332,457,20741.77,14269.33,10.4
185,11,2024,306,650,58588.33,40678.4,0.075
186,12,2021,735,633,24177.01,15223.94,0.018
187,9,2024,727,1067,82543.38,33025.7,2.6
188,2,2022,408,920,51660.6,(34795.95),0.152
189,4,2021,504,1209,86433.38,41307.22,0.207
190,6,FY2023,352,535,13402.72,10469.37,0.048
191,8,2022,411,480,28668.66,"21,796.34",0.256
192,11,2023,494,1192,81921.77,55327.5,0.297
193,11,2024,411,510,47965.72,38070.77,0.014
194,7,FY2022,220,486,43372.64,18861.48,0.199
195,6,2023,290,768,71248.5,56557.43,0.166
196,8,2023,546,1378,114415.76,57205.27,0.29
197,9,2022,431,543,14815.02,5721.09,0.244
198,12,2023,364,538,39708.19,15117.6,0.11
199,7,2025,593,852,"$56,396.98",43223.18,0.216
200,5,2025,443,560,11132.16,8448.71,0.7%
201,3,2023,429,1148,91273.24,74755.43,0.123
202,9,2025,547,1276,62458.52,35947.47,0.22
203,12,2021,366,601,44951.1,20777.53,0.039
204,12,2022,594,896,35945.19,17586.72,0.082
205,11,2022,415,650,45716.35,20690.27,0.332
206,6,2022,448,1062,26427.5,14436.36,0.308
207,12,2024,-414,839,"25892,89",21124.69,0.081
208,7,2022,500,1342,91286.59,58025.07,0.179
209,6,2022,343,425,13751.19,9851.42,0.123
210,2,2021,356,325,30101.79,23039.29,0.325
211,8,2023,590,1293,38596.03,(28307.93),7.9%
212,May,2025.0,351,437,25934.65,16304.64,0.203
213,5,2023,346,891,81602.38,61626.12,0.283
214,6,2023,373,787,47547.41,18585.51,0.143
215,10,2025,254,570,32023.99,12428.25,0.077
216,5,2024,332,719,17156.83,12868.78,0.173
217,2,2021,723,1770,79262.92,53000.55,0.198
218,9,2021,356,474,40600.24,29426.66,0.23
219,10,2025,518,1.1k,79941.27,51222.16,0.263
220,1,2025,480,536,46003.3,34951.76,0.01
221,3,2023,399,586,44096.58,"18,765.61",0.286
222,5,2024,437,1076,61412.72,21678.77,0.1
223,3,24,442,912,34660.45,22459.37,0.189
224,7,2021,425,1002,26289.98,18604.97,0.189
225,4,2023,408,842,75583.11,30095.65,0.328
226,12,2022,453,985,22875.1,11242.03,0.248
227,3,2022,435,648,42645.2,(15842.64),0.305
228,8,2024,335,920,85195.31,59835.76,0.046
229,10,2025,607,1315,68819.88,32937.51,0.349
230,10,2025,412,680,35874.62,15314.99,1.25
231,1,2024,297,286,20133.96,(13240.5),0.096
232,10,2021,505,1364,40417.31,22358.75,0.33
233,10,2023,641,1022,39975.09,32478.54,0.143
234,5,2022,291,753,26887.0,12103.43,0.011
235,1,2024,269,680,"$37,017.27",29800.79,0.065
236,8,2021,593,1504,117008.13,83348.78,0.296
237,2,2024,497,528,10826.38,8474.87,0.216
238,8,2024,579,1385,76281.95,30904.48,0.044
239,2,2023,338,405,22620.38,8599.78,0.204
240,8,2021,636,850,67500.24,33471.35,15.9%
241,3,2022,365,730,29534.35,19984.17,0.301
242,1,2021,129,304,6399.4,3685.02,0.037
243,March,2021,419,853,61492.6,37697.11,0.003
244,10,2021,280,406,23492.7,9192.63,0.123
245,2,2022,299,578,41089.33,29842.18,0.07
246,12,2025,386,438,11410.65,7406.91,0.247
247,6,2022,427,947,80556.2,55231.01,0.281
248,2,2021,342,505,40774.47,15806.39,0.313
249,7,2025,578,985,66542.15,39752.9,25.6%
250,2,25,443,426,9647.67,4497.15,0.056
251,3,2021,381,1048,46050.14,20059.23,0.276
252,4,2025,470,995,"56079,26",342656.0,0.252
253,6,2024,-424,508,35751.81,13726.31,0.011
254,9,2023,434,570,30564.52,23170.6,0.255
255,9,FY2023,362,540,25147.79,20475.21,0.014
256,December,2022,608,1540,96339.33,53579.05,0.254
257,2,2022,549,1428,72074.75,34603.74,0.207
258,2,FY2025,415,1089,37266.66,23954.8,0.221
259,12,2021,344,767,67492.55,29322.21,0.083
260,8,2024,467,1280,40877.09,30721.63,0.172
261,11,2023,485,819,47207.93,24493.35,0.208
262,10,2021,375,422,20303.8,16357.22,0.09
263,7,2022,264,619,17379.83,14004.94,0.159
264,7,2022,559,711,16821.73,7229.75,0.182
265,Jun,2025,539,895,33250.14,21282.02,0.247
266,3,2025,360,408,12609.93,4630.81,0.258
267,2,2024,381,948,75874.7,47430.53,0.304
268,9,2021,669,810,21560.43,10279.63,0.02
269,5,2025,507,445,12194.1,6859.59,0.327
270,6,FY2025,426,610,34804.82,12861.75,1.25
271,12,2025,529,904,52161.61,30241.11,0.233
272,Feb,2023,461,497,10093.06,4993.31,0.247
273,3,2024,493,1350,34060.98,22688.8,0.155
274,9,2023,293,743,23508.92,15881.08,0.293
275,1,2022,438,785,51475.78,39038.48,0.2
276,2,2023,463,398,35693.85,24060.42,0.237
277,9,2023,496,787,53630.07,21457.32,0.23
278,9,2025,282,789,17131.03,13863.66,0.142
279,12,2022,458,885,66251.62,50543.51,0.141
280,10,2022,470,683,47403.4,34589.67,0.267
281,2,2022,384,935,25484.45,15441.28,0.002
282,8,2021,585,847,39146.25,20990.26,0.243
283,7,2024,301,383,17901.57,8177.74,0.026
284,7,2024,161,323,22433.12,14383.23,0.162
285,8,2022,537,987,54183.34,19617.17,0.119
286,5,2024,381,594,28933.36,18016.25,0.187
287,1,2023,586,1421,104152.87,83228.16,0.006
288,1,2023,487,580,10777.76,7052.03,0.314
289,7,2022,432,397,35710.77,18400.43,0.035
290,1,2025,412,729,27535.64,13324.23,0.108
291,2,2022,441,627,40752.3,27980.15,0.095
292,11,2021,587,955,26152.89,11380.17,0.238
293,9,2023,432,958,25127.88,15494.77,0.09
294,8,2022,259,705,38939.28,28379.59,0.193
295,4,2024,435,1175,75580.83,"55,553.33",0.309
296,8,2024,368,462,15859.28,10104.92,14.4%
297,4,2023,270,637,24944.96,18375.17,0.148
298,Oct,FY2022,336,717,18180.41,11693.89,0.158
299,Oct,2021,277,629,53109.85,23998.63,0.034
300,4,2024,457,387,26096.11,16579.75,0.191
301,4,2024,353,702,39488.24,32153.66,0.048
302,9,2024,255,558,27415.96,15113.15,0.251
303,8,2021,488,657,15843.75,6183.17,0.313
304,5,2025,615,727,31188.02,14238.22,0.124
305,13,2024,424,396,31532.47,14500.04,0.189
306,3,2022,327,837,57014.4,34236.59,0.114
307,8,2023,567,1580,108959.36,66700.37,0.256
308,3,2023,274,474,10727.08,6589.43,0.335
309,12,2023,484,581,34429.32,(13614.66),0.158
310,11,2025,309,714,31960.79,21174.3,0.278
311,2,2023,288,802,71682.02,43280.16,0.295
312,10,2025,382,703,46409.32,18187.28,0.264
313,7,2021,436,1030,74750.54,27433.1,0.106
314,4,2023,401,531,24282.9,9499.28,0.328
315,4,2021,199,317,16621.77,10509.6,0.18
316,Feb,2025,480,1266,71232.99,58148.51,0.298
317,4,2024,429,669,57269.09,43409.21,28.2%
318,3,2021,408,971,40257.95,15621.38,0.141
319,December,2023,484,722,67234.07,43786.65,0.288
320,12,2022,312,332,28012.54,21953.31,0.17
321,2,2024,586,673,38157.48,20504.75,0.051
322,6,2024,486,746,17343.95,6280.79,0.047
323,3,2025,426,1163,59664.62,29626.68,0.177
324,8,2021,483,810,21170.31,13785.86,0.076
325,9,2024,603,665,15111.41,10834.25,0.161
326,11,2025,566,518,49005.24,18482.66,0.243
327,10,FY2021,346,755,17211.33,10144.85,0.349
328,3,2021,383,929,60730.49,29997.17,0.218
329,1,2023,113,119,10265.95,5763.29,0.068
330,10,2023,532,816,40708.6,30081.33,0.257
331,4,2025,350,293,11135.65,78766.5,4.8%
332,3,2024,109,203,7017.82,2496.22,0.084
333,Apr,2024,418,426,25642.17,"14,450.83",0.296
334,1,2022,489,487,27074.55,11385.47,0.114
335,13,2025,399,619,29943.92,16946.46,0.275
336,7,2022,625,1615,"$147,870.64",106443.88,0.11
337,8,2022,347,454,37567.19,13826.99,0.316
338,7,2021,639,1100,73770.97,48681.19,0.313
339,1,2025,576,537,31101.65,13080.71,0.258
340,10,2023,607,1107,77907.94,28793.7,0.03
341,6,2025,376,354,6702.05,5358.66,25.8%
342,1,2021,442,665,27154.1,13967.0,0.271
343,11,2021,294,337,8619.27,5691.67,0.268
344,10,2025,484,643,12611.01,4900.9,0.339
345,6,2023,539,1104,52339.92,23378.83,0.042
346,9,2023,329,667,51790.42,33800.24,0.186
347,6,2021,342,943,60677.22,37846.73,0.262
348,1,2024,531,1286,88153.82,36161.14,0.118
349,3,2025,294,493,32141.8,25496.34,0.084
350,10,2024,184,191,"$6,342.20",4863.55,0.226
351,4,2023,523,1319,109716.54,85786.87,0.088
352,13,2022,350,808,43196.93,32213.65,0.255
353,3,2024,499,576,34541.03,28074.77,0.328
354,6,2021,560,496,15222.61,6270.38,0.254
355,2,2025,356,644,"53280,78",36999.06,0.19
356,8,2021,490,970,55429.45,27151.99,0.198
357,4,2021,510,1057,80972.92,34432.41,0.162
358,5,2025,465,380,14057.82,9720.1,0.347
359,June,2024,394,0.9k,"$31,856.65",19460.91,0.257
360,3,2023,317,644,"$20,915.77",10814.1,0.274
361,6,2022,403,935,19372.24,13570.15,0.071
362,4,2022,421,1143,52956.83,26672.12,0.052
363,8,2021,506,1413,65506.45,367391.0,0.253
364,7,2024,375,964,61372.49,32773.96,0.144
365,July,2022,236,563,14165.24,(8873.89),0.168
366,7,2025,571,1190,27362.53,17035.7,0.197
367,December,2024,667,1436,114857.24,54765.74,0.289
368,12,2022,565,1015,"$24,292.49",9170.87,11.7%
369,5,2021,503,1195,69106.51,38484.97,0.052
370,Jun,2021,534,777,39952.94,15647.26,7.7
371,Nov,2023,601,1680,150947.54,98418.65,0.147
372,4,FY2022,495,1025,80457.55,32635.03,0.143
373,12,2021,375,728,46052.0,20111.09,0.127
374,6,2024,550,807,16153.84,5837.52,0.291
375,10,2025,436,0.6k,55073.27,25987.4,0.15
376,12,2021,207,526,43567.99,19059.59,0.281
377,8,FY2024,279,297,7189.28,4975.93,0.174
378,10,2021,75,125,9271.52,6580.84,0.056
379,2,2023,300,690,47324.03,37840.71,0.024
380,11,2024,456,416,16527.02,7817.31,0.086
381,9,2022,392,526,40225.15,225815.0,0.272
382,10,2022,464,431,"$23,939.03",8756.86,0.022
383,6,2025,129,192,16759.14,6037.6,0.232
384,8,2021,526,1434,87664.65,69281.95,0.018
385,9,2021,232,524,49025.38,23069.83,0.229
386,10,2023,356,425,26150.43,14854.71,0.34
387,12,2023,226,232,6877.87,3135.61,0.088
388,2,22,559,1398,85577.39,51003.59,0.04
389,7,2025,471,440,31901.45,19315.15,0.029
390,2,2023,503,863,47742.55,"20,429.71",0.331
391,13,2021,472,814,40460.64,26540.46,0.191
392,5,21,528,488,28041.8,"20,442.74",0.161
393,5,2021,342,386,"16762,65",11828.95,0.182
394,10,2021,324,391,33466.83,25548.69,0.305
395,11,2022,384,1063,82323.99,29864.57,0.023
396,7,2022,232,400,35203.98,21234.68,0.174
397,9,2025,455,1112,52589.08,37576.87,0.338
398,1,2022,329,397,23143.66,"11,223.63",0.277
399,1,2025,644,1542,-74771.16,58328.41,0.187
400,12,2025,549,612,43809.55,31666.98,0.111
401,6,2021,379,442,38382.05,25236.87,0.053
402,11,2023,371,623,40730.46,15853.44,0.309
403,Nov,2023,422,1153,57843.24,46999.47,0.234
404,11,2021.0,589,1218,37488.25,28659.99,0.15
405,5,2025,562,1258,108879.74,42171.42,0.256
406,5,2023,730,857,72056.25,52958.45,0.189
407,2,2021,299,520,42258.34,23912.08,0.125
408,11,2023,556,994,81284.54,41255.79,0.061
409,Mar,2021,520,520,18964.56,7903.04,0.122
410,Jul,2023,485,824,"$62,343.53",40899.81,0.217
411,5,2024,539,0.9k,87694.22,56829.96,0.044
412,3,2023,368,792,34082.14,22922.75,0.024
413,2,2023,453,568,46832.83,22538.76,0.225
414,6,2023,388,849,"$48,795.78",24080.52,0.074
415,2,2021,481,1222,94078.1,67789.88,0.233
416,10,2025,441,582,51131.04,34014.63,0.196
417,8,2023,404,695,58777.12,35673.28,0.133
418,13,2021,303,834,22122.26,12136.22,0.015
419,4,2024,459,624,"$52,473.60",25572.62,0.319
420,1,2022,442,1020,81577.38,29242.48,0.337
421,7,2024,307,754,29916.56,22742.4,0.039
422,3,24,550,1214,72395.41,28623.06,0.085
423,4,2025,417,584,37418.94,18324.12,0.105
424,5,2024,383,875,18993.62,14707.91,0.298
425,8,2025,534,1.4k,44533.18,17239.48,0.084
426,Jul,2021,625,1493,30859.73,19253.98,0.348
427,12,2022,428,396,32478.24,"20,510.65",4.0%
428,Oct,2022,559,552,48598.78,32295.06,0.29
429,11,2021,442,811,41476.9,20695.52,0.152
430,11,24,540,1267,81529.05,62735.46,0.155
431,Jan,2025,613,1215,87604.9,40437.87,0.179
432,9,2024,577,581,27659.88,16020.7,0.228
433,11,2021,434,992,56526.63,36630.89,2.5
434,12,2021,486,636,29168.67,16686.58,0.016
435,Aug,2024,368,1.0k,"$43,905.34",253140.3,0.069
436,1,2025,336,679,26896.96,12030.65,0.181
437,Jan,FY2022,382,918,56959.83,33660.63,0.103
438,Jan,2021,329,876,42547.46,16633.23,0.216
439,4,2025,381,691,58952.76,34308.55,0.246
440,6,2022,324,902,25368.45,12154.63,0.138
441,2,2022,203,530,38679.67,24589.26,0.108
442,4,2023,229,560,51262.21,37727.1,0.001
443,12,2023.0,362,476,10749.7,6812.99,0.24
444,Jul,2023,437,449,"$21,352.46",12051.99,12.9%
445,11,2023,394,907,"21285,1",8251.91,0.124
446,10,2024,301,807,56070.44,37509.72,0.127
447,8,2025,408,845,74633.02,47609.11,0.306
448,9,23,422,948,25864.28,"20,022.91",0.023
449,9,2025,282,232,11715.22,5724.87,0.17
450,10,2022,433,846,18077.25,7372.11,0.196
451,Jan,2025,571,1201,99816.95,67423.52,0.15
452,Jan,2021,316,678,26580.55,13129.92,0.276
453,13,2035,587,1435,120586.35,94156.06,0.151
454,9,2023,389,559,35121.58,18419.55,0.21
455,7,2024,543,841,25943.37,14329.79,0.05
456,9,2021,555,1432,63913.83,27009.73,0.009
457,10,2025,577,854,20087.63,10898.05,0.109
458,10,2023,587,1264,81711.28,42600.92,0.076
459,10,2021,416,905,26084.43,15082.73,0.01
460,2,2024,453,820,75628.06,40126.52,0.014
461,10,2025,409,458,9067.54,6396.43,0.16
462,10,2025,375,516,"$45,050.11",18226.61,0.335
463,Jan,2021,503,1008,82309.72,66875.51,0.101
464,6,2024,379,1031,49477.8,26282.14,0.119
465,7,2024,276,526,31408.13,22239.9,0.292
466,10,2024,437,734,30299.27,14297.84,0.068
467,May,2025,399,534,49349.15,30207.76,0.122
468,1,2023,363,711,20418.6,11407.88,0.219
469,1,2023,116,323,27708.31,17816.47,0.199
470,6,2024,385,785,26298.31,14088.39,0.014
471,8,2025,737,925,85312.95,66326.01,0.253
472,7,2023,239,446,37904.48,15594.15,0.277
473,April,2024,452,610,52176.94,41412.83,0.052
474,8,2023,378,652,60985.49,35200.92,0.302
475,10,2022,207,283,9522.43,6742.31,0.135
476,August,2021,571,1040,58145.42,36126.98,0.303
477,1,2021,413,1013,77867.93,48243.75,0.335
478,10,2023,454,545,14395.27,10816.06,0.154
479,5,2022,491,1008,90046.11,32325.16,16.7
480,1,2023,67,145,10679.02,7213.57,0.047
481,6,2022,303,729,28769.63,"12,918.47",33.5
482,3,2025,254,207,"19630,27",13115.1,0.29
483,7,2025,507,1156,33523.39,23604.19,0.269
484,3,2024,481,1018,78376.76,58593.14,0.215
485,5,2021,416,397,19604.18,10612.53,0.023
486,9,2021,314,470,12477.02,"9,106.61",0.332
487,8,2021,192,183,10348.3,7486.19,0.247
488,12,2025,445,400,9445.38,5094.37,0.103
489,8,24,327,787,70476.29,38085.26,0.317
490,7,2025,307,442,24171.06,11027.65,0.224
491,8,2025,427,647,43919.62,17909.22,0.311
492,2,2024,453,818,43026.74,26907.05,0.219
493,Dec,2024,445,571,41668.36,30692.55,0.281
494,5,2023,361,687,39882.47,16637.04,0.271
495,5,2025,416,569,16105.42,10402.36,0.019
496,7,2024,207,475,20165.74,7059.29,0.179
497,6,2024,380,0.9k,17214.78,8022.21,25.9%
498,5,2024,438,627,16205.26,8415.55,0.095
499,3,2021,362,0.9k,74539.77,41287.15,0.318
500,7,2024,524,814,-75078.51,29428.23,0.24
501,8,2021,127,262,18915.61,6659.25,0.058
502,3,2023,403,897,62172.57,49989.38,0.266
503,12,2024,430,600,"$15,667.86",11241.02,0.225
504,7,2025,443,397,18152.38,14516.38,0.175
505,12,2023,246,299,13870.75,7265.67,0.018
506,3,2022,144,336,16823.8,12389.46,1.25
507,3,2023,494,861,73849.75,33335.64,0.237
508,10,2021,283,570,23220.78,9618.1,0.228
509,7,2022,315,658,31863.7,21833.24,0.07
510,10,2024,555,1432,57466.93,30047.13,0.02
511,8,2024,424,0.6k,46599.9,16631.78,0.133
512,12,2022,299,440,8574.82,3502.41,0.145
513,December,2023,112,208,13275.63,4708.39,0.162
514,7,2023,397,1082,62718.66,41923.97,0.109
515,12,2025,505,930,86632.35,35433.38,0.006
516,6,2021,506,1184,"$94,898.76",38576.1,0.093
517,10,2021,432,646,30119.06,10560.83,0.105
518,7,2022,605,1266,117754.42,88094.27,0.008
519,2,2025,440,1038,55289.77,29694.06,0.106
520,March,2023,449,418,14869.98,6927.98,0.169
521,7,2025,398,0.4k,33396.93,26486.45,0.275
522,11,2024,619,1722,103191.09,82810.97,0.026
523,8,2023,268,319,9200.54,5911.66,0.273
524,July,2023,346,676,19817.7,14491.26,0.223
525,3,2025,609,803,35797.58,"27,965.73",0.102
526,April,2022,298,518,44828.17,30601.01,0.022
527,12,2024,319,340,31198.72,18686.16,0.085
528,8,FY2022,670,1206,84818.9,32725.88,0.096
529,6,2025,398,753,"$38,649.10",14324.63,0.058
530,2,2024,584,987,33663.89,12573.13,0.295
531,9,2024,368,1001,33196.44,26463.27,0.348
532,Aug,2023,490,1089,101873.85,62925.82,0.091
533,12,2025,662,626,41266.19,33473.22,0.067
534,3,2022,256,610,53624.01,42552.78,0.336
535,4,2024,471,1090,33189.08,19055.28,0.251
536,5,2025,422,546,36760.74,24383.48,0.057
537,3,25,598,1075,20351.84,7209.6,0.125
538,10,2023,462,1225,43619.94,28272.3,0.078
539,6,2021,525,1185,30034.71,16563.84,0.01
540,8,2025,365,643,44371.77,18001.46,0.101
541,November,2024,509,1.4k,30427.69,"21,532.88",0.13
542,5,2023,398,630,47929.39,37464.51,33.3%
543,Jan,2024,196,465,17357.1,10676.61,0.126
544,10,2021,540,1141,41658.73,18331.87,0.321
545,4,2023,421,522,10960.75,4021.82,0.061
546,1,2022,305,772,30687.67,24449.35,0.204
547,9,2024,657,1204,92016.63,44423.16,0.124
548,7,2025,232,600,54526.29,41958.11,0.147
549,12,2022,404,725,24476.27,15366.97,0.065
550,7,2022,601,879,73693.01,32964.77,0.025
551,6,2021,107,259,21330.88,10796.19,0.243
552,3,2024,443,1037,70939.2,29883.12,0.307
553,Jun,2021,206,339,7082.72,2904.61,0.268
554,11,2021,458,366,18327.66,10915.58,0.019
555,1,2023,289,364,6593.31,4567.79,0.338
556,6,2022,289,360,24859.67,17369.23,0.297
557,Mar,2023,212,307,22371.66,16418.26,0.064
558,3,2024,338,521,45561.13,33220.71,0.345
559,4,2021,348,689,47470.79,18365.23,0.191
560,2,2022,590,1308,40395.93,28959.72,0.204
561,8,2024,498,693,50596.39,"35,758.11",0.036
562,3,2024,239,436,"$24,932.47",13053.69,0.327
563,9,2024,484,1078,57729.21,45194.32,0.243
564,12,2024,526,1.2k,100123.69,47940.59,28.2
565,Jul,2023,353,519,48446.81,36459.74,0.245
566,Mar,FY2024,287,646,39586.62,31476.61,0.174
567,6,2024,288,683,50919.14,27020.08,0.009
568,11,2023,373,924,17444.37,11875.06,0.34
569,11,2021,237,523,42320.57,25681.06,0.338
570,12,2021,377,340,-19335.55,13296.54,0.302
571,Jun,2024,479,912,44263.59,18232.44,0.303
572,8,2023,356,396,16574.05,8060.32,0.305
573,2,2021,547,711,47007.98,29084.81,0.291
574,9,2022,494,1290,24427.53,16288.02,1.8%
575,8,2021,206,291,13146.74,(8440.31),11.7%
576,1,2024,469,1062,52195.82,19945.38,0.274
577,9,2023,355,770,33571.33,12642.8,0.131
578,8,2024,215,578,38965.03,25934.94,0.221
579,8,2023,376,865,22321.94,10727.72,0.097
580,3,2024,260,432,"$40,386.99",15416.77,0.182
581,12,2022,392,892,64447.62,35361.28,0.121
582,4,2021,309,492,18867.84,8424.61,0.169
583,6,2021,309,653,60453.03,38309.66,0.027
584,9,2021,299,284,25917.72,12692.6,0.032
585,1,2023,620,1300,50166.94,17914.72,0.338
586,2,2022.0,580,755,52890.79,36077.66,0.214
587,12,22,285,568,48103.56,38240.64,0.037
588,January,2024,309,342,31034.68,21605.46,0.309
589,7,2023,466,1026,72198.2,(39119.24),0.005
590,6,2025,260,511,19156.79,10758.83,0.335
591,8,2024,554,652,45496.21,(36815.23),0.036
592,8,2024,379,309,15878.24,6248.63,0.262
593,5,2022,404,532,"$27,370.90",18886.48,0.003
594,11,2024,519,1027,66984.49,"43,520.73",0.085
595,10,2023,359,430,36793.03,25652.1,0.005
596,6,2025,451,584,20153.43,9618.81,8.7%
597,11,2024,411,931,60252.78,40143.4,0.028
598,12,2024,334,902,74472.61,54245.29,0.288
599,6,2023,429,515,33728.55,23581.46,0.258
600,1,2022,509,0.9k,21828.5,11447.37,0.322
601,6,2025,548,733,33989.63,26199.64,0.233
602,7,2022,703,1669,88431.29,57145.73,0.087
603,3,2023,347,584,39710.73,31373.54,0.022
604,7,2025,626,1533,62107.19,34695.69,0.008
605,Aug,2022,423,385,21488.53,16884.44,0.037
606,10,2021,189,440,21799.66,14342.69,0.091
607,5,2023,386,363,11723.01,7762.78,0.309
608,2,2025,386,937,66297.76,26645.27,0.101
609,7,2021,289,528,31277.48,16193.49,0.124
610,2,22,320,786,61917.58,30628.4,0.32
611,1,2023,404,609,34672.7,27472.11,0.307
612,1,2023,459,461,22238.76,13567.52,0.176
613,12,2023,464,999,82436.43,62125.68,0.262
614,1,2023,382,641,"41672,76",17726.41,0.236
615,6,2025,486,611,"16528,44",7068.94,0.001
616,9,2024,309,691,51406.86,30433.82,0.056
617,1,2022,334,337,11836.05,7031.03,0.213
618,11,2025,268,345,7743.65,4133.45,0.082
619,12,2023,542,884,45109.38,"27,256.23",0.244
620,3,2021,670,1476,46081.36,26960.04,0.144
621,8,2023,459,856,23013.89,14605.76,0.041
622,3,2023,530,781,22648.09,15293.68,0.072
623,6,2022,523,632,36087.83,19742.12,0.006
624,6,2021,391,932,"$21,731.01",12449.69,0.196
625,4,2022,595,777,"14583,02",10062.55,0.187
626,4,2024,539,1332,108220.88,80772.09,0.17
627,5,2022,551,938,30133.3,22655.35,0.309
628,10,2024,344,596,14202.01,7559.42,0.281
629,9,2025,414,386,33024.61,17602.79,0.19
630,Feb,2025,426,1165,26941.19,17638.65,0.026
631,8,25,564,940,89096.06,54594.31,0.112
632,5,2024,360,446,20065.58,10536.25,0.024
633,12,2024,347,779,53414.6,(36488.57),0.003
634,10,2022,155,191,13169.39,7604.99,0.002
635,7,2021,491,931,21522.56,"15,286.66",0.204
636,7,2023,500,1181,89619.62,65190.3,0.181
637,5,2022,469,957,71921.9,(30915.2),0.068
638,8,2021,316,815,61734.86,47959.8,0.266
639,9,2023,623,1606,100484.4,65035.91,0.055
640,2,2025,548,957,70016.59,33421.93,0.071
641,7,2025,289,355,18003.3,13982.88,0.177
642,1,2022,325,382,"$9,140.04","6,189.57",0.134
643,8,2021,481,1150,44780.82,30245.36,0.092
644,11,2024,543,1454,97419.19,48955.14,0.094
645,11,2025,491,607,38749.88,18382.11,0.232
646,11,2023,306,743,57885.6,40959.86,6.6%
647,06,2023,451,693,35544.43,12960.92,0.091
648,12,2025,355,307,26309.07,12217.84,0.195
649,October,2023,431,623,54288.08,(41661.52),0.114
650,5,2025,388,1009,"$95,556.48",70515.46,0.296
651,12,2023,476,444,11237.05,9208.53,0.114
652,3,2021,235,539,43181.02,"32,527.01",0.349
653,2,2021,297,250,11438.22,8216.73,0.198
654,4,2024,390,555,-37953.31,17422.41,0.005
655,10,2022,494,1148,24105.96,17921.48,0.217
656,2,FY2025,579,1115,73696.24,55735.26,0.205
657,10,2021,437,1010,52577.19,35882.7,0.136
658,2,2021,422,530,33897.53,26651.78,0.325
659,11,2025,464,567,53674.26,43536.56,0.227
660,12,2024,167,402,29371.21,18468.16,0.019
661,Feb,2025,654,1409,65843.19,52187.0,0.059
662,7,2035,359,646,45993.95,31167.98,0.227
663,9,2021,330,683,43811.9,19027.39,0.247
664,12,FY2021,361,617,42830.64,31847.26,0.059
665,September,2021,606,1500,119724.66,95975.17,0.188
666,8,2025,522,927,45372.31,19157.77,0.2
667,12,FY2022,466,916,58302.2,30131.43,0.018
668,4,2021,395,341,-17253.51,6724.48,0.212
669,Nov,2025,284,717,61826.33,27353.65,0.258
670,5,FY2024,494,678,54106.64,44297.2,0.011
671,9,2025,450,1236,66503.89,49763.02,0.022
672,7,2025,518,761,17624.97,14248.22,0.286
673,9,2021,395,372,12733.96,5829.63,0.164
674,3,FY2023,330,441,11366.91,4873.23,0.052
675,Sep,2023,412,558,44343.47,22319.81,0.105
676,2,2022,477,603,16875.12,7940.38,0.124
677,5,2025,365,445,35731.2,14973.28,0.12
678,9,2022,441,1115,33371.11,12977.57,0.17
679,11,2021,488,1174,"$33,529.95",20886.76,0.177
680,2,2023,205,223,14728.68,7049.31,0.171
681,11,2021,410,579,47086.22,17741.15,0.147
682,6,2021,320,549,40530.18,25125.27,0.234
683,Feb,2025,477,681,"$40,470.30",30144.34,0.346
684,8,2023,464,1196,55737.16,24620.68,17.1%
685,12,2024,413,729,60174.39,31282.24,0.301
686,2,FY2025,624,1006,43533.59,24525.75,0.267
687,1,23,390,1054,33214.55,20487.79,0.203
688,1,2025,384,683,46201.8,21161.28,0.193
689,8,2024,597,0.6k,40024.58,17493.83,0.098
690,1,2022,279,345,11067.09,"8,168.44",0.1
691,3,2024,287,444,35264.87,18432.02,0.03
692,10,2022,446,853,70862.38,51310.41,0.061
693,1,2025,287,354,30197.45,14112.61,0.092
694,5,2021,501,401,34101.65,24639.11,0.22
695,4,2021,343,588,26485.81,10437.39,0.17
696,March,2024,475,1254,26440.03,12875.94,0.073
697,Jul,2025,455,789,42531.09,30089.49,0.054
698,1,2024,397,704,35980.64,22687.52,0.35
699,10,2021,356,874,27220.33,9916.85,0.072
700,3,2021,586,867,49691.86,31758.6,0.319
701,1,2022,480,432,8937.3,5443.22,0.153
702,8,2025,891,2208,67062.1,24258.82,0.157
703,7,2021,351,707,28026.07,12094.46,0.133
704,7,2025,459,1102,53106.71,37326.67,0.044
705,3,2023,332,715,44019.1,34629.74,0.136
706,7,2025,510,475,9250.61,6832.72,0.184
707,9,2024,333,496,10077.73,8081.35,0.234
708,3,2023,509,1357,52167.45,33250.9,0.237
709,1,2021,524,1411,121534.85,84753.72,0.097
710,4,2022,365,497,45812.84,16255.94,0.251
711,10,2023,525,1459,"$61,299.47",31249.66,0.028
712,11,2025,596,1004,38253.14,19562.34,0.292
713,2,2022,496,458,11501.19,4905.39,0.208
714,8,2024,397,437,40440.8,22645.06,0.176
715,1,2023,397,843,63933.66,45029.63,0.202
716,9,2022,224,584,47269.2,33363.2,0.019
717,02,2023,306,491,42281.58,32595.48,0.318
718,4,2024.0,629,898,63947.75,30545.77,0.067
719,4,2021,356,590,48370.02,19655.1,0.257
720,3,2023,293,545,21893.63,12733.89,0.105
721,8,2021,255,287,7742.37,4699.21,0.316
722,6,2025,658,979,72877.75,48068.04,0.326
723,4,2021,451,953,83078.5,44677.44,0.114
724,2,2022,572,469,38291.24,27817.09,0.037
725,11,2024,284,294,27490.1,12395.48,0.024
726,11,2021,709,1410,105598.76,38569.78,23.1%
727,5,2022.0,305,349,21545.17,10541.79,0.328
728,12,2024,429,1045,"$97,952.74",46238.13,0.339
729,Oct,2022,191,172,3794.82,2562.43,0.16
730,3,2023,316,395,25783.91,(12088.61),0.202
731,6,2022,549,1340,73373.01,37778.66,0.127
732,1,2024,363,875,37861.09,16971.53,0.03
733,11,2021,237,588,20600.8,10899.18,0.283
734,4,2023,80,195,9284.94,5253.31,0.106
735,9,2021,442,823,16883.64,9683.28,0.143
736,5,FY2024,473,530,36328.08,29296.45,19.7%
737,4,2022,378,618,16661.03,10629.97,0.328
738,1,2021,440,934,22335.52,115406.1,0.193
739,3,2021,559,1358,88420.72,46467.32,0.089
740,2,2022,379,383,17360.29,9447.32,0.237
741,Jul,2022,353,561,17950.3,7605.58,0.29
742,4,2023,444,392,19708.62,8456.1,0.308
743,5,2023,238,429,31885.19,25518.21,0.077
744,4,2024,458,1178,105950.99,82717.81,0.222
745,5,2021,267,615,36229.43,24215.6,0.15
746,11,2024,624,1412,115055.84,"48,188.27",0.292
747,6,2025,564,937,44213.39,34489.92,0.088
748,7,2021,436,1084,59912.23,35445.56,0.108
749,1,2023,201,176,6854.13,2419.5,0.342
750,12,2024,511,139500,67555.61,46771.07,0.121
751,6,2025,545,1467,71613.58,51429.3,0.093
752,1,2021,490,1362,27218.56,17247.27,0.231
753,4,2024,332,888,28372.59,18234.9,0.078
754,9,25,463,654,39290.56,21455.82,0.056
755,10,2021,383,886,77208.94,(30075.97),0.138
756,2,2022,274,274,5282.07,3491.49,0.211
757,November,2024,361,305,25098.74,20282.41,0.047
758,3,2024,346,436,37002.24,29062.96,0.147
759,5,2025,190,162,10191.49,3621.16,0.276
760,4,2022,578,816,17217.49,10787.2,0.139
761,9,FY2024,424,572,41542.53,19840.76,0.316
762,9,2025,473,732,44168.79,16508.94,0.149
763,11,2023,471,588,20819.96,15284.63,0.326
764,11,2023,476,471,24800.28,12613.51,0.305
765,2,2025,71,104,5031.74,3014.37,0.056
766,3,2025,375,0.7k,58253.31,41201.15,0.054
767,11,2024,364,554,27395.9,18340.4,0.02
768,3,2022.0,336,292,"14067,72",9533.23,0.068
769,6,2021,261,671,58355.61,(28578.2),0.08
770,10,2023,513,832,30385.42,20237.31,0.289
771,2,2024,537,855,"$25,681.13",17895.56,0.126
772,6,24,482,1.0k,40082.45,15559.12,0.347
773,8,2024,527,1334,53742.65,30623.11,0.217
774,8,2021,639,1036,52749.45,26650.8,0.197
775,1,2021,375,1000,71059.75,523666.6,0.195
776,9,2022,472,1.1k,21422.39,15737.72,1.25
777,3,2024,305,710,26612.95,20141.06,3.6%
778,8,2023,338,355,33155.11,22104.65,0.296
779,12,2021,562,1117,"$71,982.34",48285.05,0.201
780,5,2022,278,460,18053.18,12840.02,0.079
781,9,2022,293,600,45315.02,20518.44,0.021
782,4,2025,510,541,34982.02,26209.92,0.016
783,6,2023,318,558,49953.38,25277.74,0.163
784,Jun,2021,569,470,11413.06,5381.69,0.01
785,1,2024,291,551,17327.76,8474.8,0.232
786,Oct,2021,649,1772,38775.07,29797.89,0.202
787,6,2023,421,395,9843.6,6225.37,0.119
788,12,2022,764,2012,"$99,206.63",41403.12,0.25
789,3,2023,447,981,85661.25,61875.68,0.237
790,1,2024,197,425,38605.38,(18879.47),0.0
791,8,2023,314,666,"$44,486.00",27978.44,0.006
792,3,24,-334,754,32355.53,21438.01,0.195
793,12,2022.0,314,310,25428.34,19875.98,0.227
794,3,2021,374,376,18407.49,12749.05,0.273
795,11,FY2021,310,405,7692.21,4645.64,0.298
796,12,2022,582,1580,97268.53,57563.21,0.03
797,6,2022,161,32400,15529.94,7189.44,0.033
798,10,2025,525,750,"$19,081.24",8264.88,0.346
799,4,2025,590,1502,142177.53,88701.12,0.284
800,3,2021,121,175,7269.9,3920.44,0.235
801,3,2024,281,299,19941.66,8182.33,0.202
802,11,2025,556,1215,87415.71,61552.19,0.306
803,6,FY2025,631,1286,41629.46,15072.95,0.1
804,11,2023,419,706,46255.11,34667.32,0.069
805,7,FY2022,413,814,48584.27,18969.0,0.02
806,7,FY2024,302,305,19242.53,11657.93,0.082
807,4,2022,552,487,27445.37,"18,497.52",0.088
808,9,2023,477,675,44043.83,34003.14,0.283
809,8,FY2022,610,933,62841.6,35763.49,0.066
810,1,2021,488,1075,65411.36,33919.2,0.319
811,7,2021,296,636,30837.84,21754.22,0.159
812,10,2024,567,921,82866.24,387742.1,0.042
813,4,2023,471,732,16672.64,8494.27,0.177
814,2,2023,429,482,33100.81,27107.65,0.158
815,4,22,281,289,24857.49,13546.54,0.136
816,Jun,2024,217,459,23884.79,15636.65,0.022
817,May,2021,468,516,28256.7,17882.23,0.204
818,11,2023,435,697,30690.65,12571.11,0.137
819,7,2025,480,584,13145.56,8013.69,0.208
820,4,2024,332,844,52688.88,26996.52,0.281
821,9,2025,322,622,54684.64,"29,325.56",0.104
822,6,22,429,466,13822.17,"7,649.22",0.208
823,8,2024,480,1179,28501.59,16363.17,0.221
824,10,2024,598,1469,115062.59,55255.65,0.329
825,5,2022,472,925,83312.13,55482.36,0.168
826,5,2025,116,280,"25533,49",9201.53,0.344
827,9,2024,339,569,38455.67,20344.87,0.019
828,5,2025,371,741,64826.42,34365.21,7.6%
829,12,2023,347,847,"69139,12",43305.99,0.124
830,12,2023,410,983,59678.82,"44,054.20",0.221
831,5,2024,475,773,70931.9,42865.81,0.212
832,1,2022,581,721,47712.25,29517.45,0.065
833,8,2023,437,1017,59293.04,27072.2,0.233
834,7,2024,346,332,17271.04,7370.98,0.065
835,4,2023,362,326,15853.41,9361.48,0.169
836,5,2025,269,421,34780.62,14548.86,0.177
837,6,2025,623,1592,97042.39,77740.83,0.017
838,2,2021,647,644,13777.14,6021.71,0.189
839,10,2025,370,996,82515.35,40383.66,0.027
840,5,25,435,495,13748.49,5608.61,0.181
841,Jan,2022,333,925,65390.28,52052.03,0.05
842,7,2022,265,414,25135.74,9704.31,0.001
843,Jul,2022,558,904,50355.14,27456.55,0.008
844,Oct,2025,586,861,27238.02,10793.32,0.335
845,3,2021,603,862,41610.75,19197.3,0.034
846,1,2021,499,577,45818.75,30627.38,0.191
847,10,2022,517,488,19327.86,9943.62,0.274
848,7,2025,414,1153,"$42,120.97",320508.8,29.1%
849,4,FY2022,359,581,54220.66,23587.03,0.28
850,10,2025,255,374,27779.6,15206.7,0.202
851,11,2021,472,1195,26995.69,18229.21,0.049
852,4,2023,477,778,46867.74,25275.19,0.182
853,11,2023,304,324,9792.16,7796.11,0.308
854,7,2023,615,1607,151617.27,67910.62,0.124
855,Oct,2025,396,648,29517.35,18568.68,0.201
856,10,2025,668,750,40742.98,24858.59,0.2
857,1,2025,501,426,19307.19,13837.46,0.197
858,1,2025,322,425,30392.34,18742.16,0.279
859,1,2021,502,891,25175.23,11903.52,0.147
860,10,2021,595,1189,68433.5,33220.82,0.002
861,8,2023,199,451,8949.58,5592.32,0.33
862,6,FY2022,416,477,25909.21,10181.5,0.219
863,1,2024,157,289,25153.48,11124.34,0.008
864,3,2024,563,1420,88661.98,68146.44,0.209
865,6,2021,384,883,77972.6,48257.07,0.063
866,10,2024,577,771,25670.93,11963.24,0.107
867,3,FY2025,674,1114,72841.56,28287.31,0.031
868,9,2021,579,662,38324.48,17268.15,0.099
869,11,2024,568,470,31961.02,21234.01,0.28
870,5,2022,372,991,19374.66,8181.5,0.31
871,Feb,2025,696,1479,103956.14,81908.91,0.349
872,10,2025,242,542,21742.89,16600.34,0.017
873,4,2025,460,603,21099.05,8754.39,0.301
874,10,2022,392,705,49326.58,22806.7,0.265
875,9,2022,326,528,18029.17,14585.3,0.226
876,6,2025,549,1465,60593.41,43475.09,0.268
877,8,2022,301,645,47831.17,29668.64,7.2%
878,3,2025,385,696,29258.87,16118.98,0.226
879,11,FY2023,319,513,"$19,866.15",8807.79,0.274
880,11,2023,511,1338,62227.54,437522.5,0.314
881,5,2025,379,1028,48320.2,24616.39,0.022
882,7,2023,464,822,21695.91,10127.95,0.111
883,10,2021,451,633,"$53,247.81",40090.2,0.268
884,12,FY2023,445,486,34581.26,27463.1,0.239
885,5,2021,420,878,50321.62,20449.59,0.109
886,12,FY2022,169,406,"34237,65",14192.57,0.333
887,1,2025,563,1296,104353.74,82909.29,11.0%
888,8,2022,269,677,19050.71,"12,980.57",0.26
889,5,2024,282,717,22228.51,8340.32,0.251
890,6,2022,518,906,75542.78,40052.53,0.059
891,2,2024,441,519,38130.71,22505.64,0.212
892,12,2023,567,976,"$79,847.14",59078.46,0.248
893,9,2021,566,863,73963.01,51102.87,0.039
894,9,2023,546,882,76073.64,28313.27,33.6%
895,06,FY2021,547,733,27236.06,(21591.86),0.104
896,02,2021,594,1396,67385.45,27995.25,0.004
897,1,2025,470,722,32853.75,16812.02,0.182
898,8,2021,424,712,"$61,056.44",35876.44,0.178
899,5,2024,398,846,54011.36,"29,442.59",0.148
900,12,2025.0,407,964,31879.36,23447.88,0.227
901,03,2022,276,362,27480.43,16242.34,0.112
902,1,FY2021,142,282,"$26,697.38",14805.65,0.322
903,11,2024,365,441,22155.63,10041.56,0.0
904,7,2022.0,400,1052,87293.61,61007.53,0.059
905,6,2021,458,760,20652.11,12201.78,0.122
906,8,2025,440,681,44838.71,30839.95,0.039
907,5,2024,570,845,"44110,79",29445.09,0.178
908,11,25,366,923,78164.02,27721.5,0.272
909,7,2024,453,800,75192.79,52984.42,0.087
910,4,2024,417,782,73816.46,55586.7,0.034
911,4,2021,302,245,12021.67,5533.99,0.287
912,11,2024,576,0.8k,69379.71,243024.0,0.108
913,12,2022,326,305,9884.61,6040.57,0.102
914,07,2025,328,536,"$25,202.05",19195.78,0.317
915,3,2022,170,172,15722.87,5948.07,0.104
916,3,2021.0,409,571,24365.08,10409.12,0.274
917,4,FY2025,457,478,"11200,13",8707.34,0.067
918,12,2025,313,0.8k,"$45,791.54",17702.67,0.334
919,9,2025,490,557,46650.76,16617.82,0.179
920,11,2021,370,865,77832.06,60500.81,0.287
921,5,2024,400,547,22017.07,11607.74,0.138
922,7,2025,445,840,25461.02,17183.28,0.059
923,12,2022,424,1014,75988.28,49650.83,5.5
924,1,2025,183,346,8557.75,4513.02,0.145
925,3,2024,374,433,20870.93,16601.92,0.049
926,8,2024,405,942,"$24,839.18",20149.32,0.134
927,Mar,2022,339,696,22818.53,9552.52,0.328
928,4,21,560,1475,127344.28,82003.82,0.283
929,July,2022,395,563,37689.86,19496.97,0.052
930,8,2022,356,709,57221.66,30304.48,0.046
931,5,2035,346,484,"$32,667.69",(20660.5),0.244
932,Mar,2025,334,509,41456.94,18486.53,0.164
933,4,2023,357,364,31319.89,16010.01,0.239
934,4,2022,479,407,28951.38,14434.22,0.02
935,6,2025,252,396,9585.07,4017.74,0.104
936,3,2024,490,479,42216.01,14895.59,0.169
937,1,2025,375,994,"$30,267.78",24333.52,0.072
938,11,2021,332,757,45491.27,34832.89,0.194
939,1,2023,253,286,25330.92,12768.91,0.13
940,9,2023,438,1016,44794.84,35722.51,0.258
941,11,2023,534,480,18141.04,10314.4,0.079
942,2,2022,449,1027,91176.05,50071.33,0.12
943,2,2024,412,732,32996.39,256542.9,0.199
944,3,2024,484,1124,90492.25,46211.59,0.152
945,11,2022,372,888,80325.29,51641.84,0.26
946,8,FY2024,540,1301,108071.54,57891.23,0.018
947,2,2024,620,1054,79756.35,41296.38,0.222
948,6,2023,306,358,-27101.12,16436.21,0.071
949,3,FY2021,541,954,33041.24,26585.56,0.25
950,9,2023,318,863,43915.56,25176.67,0.314
951,2,2025,642,837,43857.07,17894.62,0.072
952,1,2022,446,357,7505.36,6074.26,0.085
953,Feb,2025,535,1017,30298.59,20973.13,0.21
954,Aug,2024,475,1074,82988.51,67091.47,0.201
955,8,2021,569,533,46424.08,18853.24,0.115
956,7,2023,260,632,40443.61,21637.68,0.166
957,6,2023,370,939,23274.38,16643.4,0.297
958,5,2022,529,0.6k,31449.06,13453.43,0.247
959,1,2021,682,813,27889.5,10305.27,0.113
960,1,2025,488,936,78681.09,52201.43,0.152
961,13,2024,425,560,12357.89,8542.51,0.042
962,7,2022,512,719,"$42,421.19",26100.73,0.21
963,11,2023,372,756,70063.1,48482.73,0.323
964,Dec,2023,287,667,42395.99,18664.88,0.233
965,6,2025,583,1037,60878.7,30876.95,0.182
966,11,2022,616,736,58878.84,25748.61,0.03
967,11,2022,650,1089,42808.66,"26,213.47",0.121
968,9,2023,327,871,77557.04,45457.33,0.115
969,5,2022,170,448,8478.06,5170.12,0.259
970,3,2023,381,674,16564.25,13368.29,0.181
971,01,2035,255,450,22970.03,8848.08,0.037
972,5,2024,491,1215,44306.36,19567.03,0.177
973,12,2023,301,262,5780.06,4289.13,4.1%
974,12,2025,443,394,20377.01,15215.04,0.092
975,9,FY2025,357,60600,37860.58,23410.19,0.116
976,11,2023,409,0.6k,15332.86,(8009.81),0.035
977,9,2022,611,837,55718.52,31433.9,0.169
978,10,2023,516,1194,47411.01,23680.79,0.324
979,10,2025,417,1094,71107.76,43148.99,0.087
980,Jun,2025,337,500,41803.86,25618.76,18.0%
981,8,2023,407,816,19696.66,13217.71,0.326
982,7,2024,467,911,25244.61,15737.72,0.268
983,Jul,2022.0,535,1122,97885.71,62945.16,0.046
984,1,2022,391,554,18580.17,14439.55,0.266
985,6,2024,277,323,24627.7,14108.08,0.079
986,5,2023,546,1110,23427.33,11790.98,0.164
987,3,2024,373,450,34747.97,19110.95,0.198
988,3,2023,383,322,6649.69,3720.75,0.286
989,11,2025,523,824,67466.29,27852.58,0.327
990,12,2024,429,987,89306.47,59657.62,0.127
991,5,2021,406,594,42745.58,30336.48,0.325
992,Nov,2022.0,446,539,42821.31,29851.45,0.022
993,8,2023,239,336,31478.8,20527.49,0.251
994,7,2022,326,897,"$42,198.95",(30672.93),0.152
995,1,2023,395,1064,37075.53,18660.99,0.265
996,January,2024,447,709,45966.08,25692.72,0.26
997,2,2025,390,443,20076.49,10800.99,0.02
998,3,2024,193,379,32629.79,13747.56,0.209
999,12,2021,314,691,34291.79,20135.44,0.003
1000,9,2022,635,1386,95527.81,35158.86,0.129
